Model,ROC_AUC,Gini
Logistic Regression,0.6683937823834197,0.33678756476683946
Random Forest,0.5692079940784605,0.1384159881569209
XGBoost,0.7409326424870466,0.4818652849740932
