Model,ROC_AUC,Gini
Logistic Regression,0.5,0.0
Random Forest,0.5155440414507773,0.031088082901554515
XGBoost,0.5025906735751295,0.005181347150259086
